{
  "player_x": 29.86733,
  "player_y": -291.33737,
  "hp_current": 76.0,
  "hp_max": 100.0
}