{
  "player_x": 108.69567,
  "player_y": 111.916214,
  "hp_current": 28.0,
  "hp_max": 100.0
}